open_time,open,high,low,close,volume
2020-01-01 00:00:00+00:00,0.19287,0.19866,0.1919,0.19301,568474.4
2020-01-02 00:00:00+00:00,0.19282,0.19296,0.18644,0.18762,124152.7
2020-01-03 00:00:00+00:00,0.18703,0.19376,0.18482,0.1932,183712.9
2020-01-04 00:00:00+00:00,0.19337,0.19361,0.19155,0.19277,96464.2
2020-01-05 00:00:00+00:00,0.19376,0.19718,0.19376,0.19462,168050.5
2020-01-06 00:00:00+00:00,0.19483,0.22396,0.19483,0.22264,894064.7
2020-01-07 00:00:00+00:00,0.22364,0.22451,0.20744,0.21381,1809468.4
2020-01-08 00:00:00+00:00,0.21335,0.21767,0.20332,0.20785,672327.3
2020-01-09 00:00:00+00:00,0.20761,0.20855,0.20137,0.2041,192888.0
2020-01-10 00:00:00+00:00,0.20425,0.21155,0.20039,0.21154,284672.7
2020-01-11 00:00:00+00:00,0.21242,0.21965,0.20918,0.21184,449050.7
2020-01-12 00:00:00+00:00,0.21123,0.21648,0.20974,0.21465,153301.1
2020-01-13 00:00:00+00:00,0.21456,0.21456,0.2102,0.21162,321499.5
2020-01-14 00:00:00+00:00,0.21176,0.24552,0.21176,0.23507,1217121.0
2020-01-15 00:00:00+00:00,0.23473,0.24294,0.22653,0.23283,1584620.4
2020-01-16 00:00:00+00:00,0.23448,0.23448,0.22177,0.22912,422937.1
2020-01-17 00:00:00+00:00,0.2293,0.24446,0.22697,0.24004,602884.1
2020-01-18 00:00:00+00:00,0.2384,0.25396,0.23183,0.24388,1255452.5
2020-01-19 00:00:00+00:00,0.24328,0.25134,0.22733,0.23644,581136.7
2020-01-20 00:00:00+00:00,0.23575,0.23582,0.225,0.2332,424274.8
2020-01-21 00:00:00+00:00,0.2332,0.24181,0.23035,0.23749,539954.7
2020-01-22 00:00:00+00:00,0.23772,0.23877,0.23322,0.23706,274623.3
2020-01-23 00:00:00+00:00,0.23684,0.23684,0.22149,0.22597,423010.6
2020-01-24 00:00:00+00:00,0.22597,0.22632,0.21378,0.22202,400000.4
2020-01-25 00:00:00+00:00,0.22224,0.22256,0.21676,0.22074,206444.5
2020-01-26 00:00:00+00:00,0.21906,0.23216,0.21834,0.23125,201993.3
2020-01-27 00:00:00+00:00,0.23145,0.2339,0.22664,0.23118,231705.0
2020-01-28 00:00:00+00:00,0.2308,0.24196,0.23061,0.23933,466584.8
2020-01-29 00:00:00+00:00,0.23926,0.24181,0.23454,0.23507,453812.1
2020-01-30 00:00:00+00:00,0.23481,0.24611,0.23106,0.24357,473427.8
2020-01-31 00:00:00+00:00,0.24348,0.24482,0.23389,0.23906,685602.7
2020-02-01 00:00:00+00:00,0.23974,0.24328,0.23715,0.24125,386608.9
2020-02-02 00:00:00+00:00,0.24138,0.26127,0.23603,0.251,595558.5
2020-02-03 00:00:00+00:00,0.251,0.25942,0.24712,0.25501,611637.2
2020-02-04 00:00:00+00:00,0.25462,0.27101,0.24774,0.26665,1143054.8
2020-02-05 00:00:00+00:00,0.26751,0.28268,0.26751,0.27805,3089933.9
2020-02-06 00:00:00+00:00,0.27822,0.28828,0.26855,0.28345,1606099.8
2020-02-07 00:00:00+00:00,0.28343,0.28824,0.27725,0.27988,1338306.2
2020-02-08 00:00:00+00:00,0.27918,0.28196,0.26519,0.27762,779854.4
2020-02-09 00:00:00+00:00,0.27739,0.28908,0.27719,0.28278,1059236.4
2020-02-10 00:00:00+00:00,0.28278,0.28327,0.2697,0.27387,546282.3
2020-02-11 00:00:00+00:00,0.2736,0.28329,0.26757,0.2815,578315.6
2020-02-12 00:00:00+00:00,0.28144,0.30943,0.28012,0.30472,1098628.2
2020-02-13 00:00:00+00:00,0.30407,0.33948,0.30075,0.32667,3527757.6
2020-02-14 00:00:00+00:00,0.33004,0.33896,0.31066,0.33615,1027372.9
2020-02-15 00:00:00+00:00,0.33711,0.34664,0.29868,0.30759,2282513.0
2020-02-16 00:00:00+00:00,0.30637,0.31908,0.27937,0.29297,1920842.6
2020-02-17 00:00:00+00:00,0.29225,0.29482,0.26942,0.28723,1827663.6
2020-02-18 00:00:00+00:00,0.28732,0.30262,0.2753,0.29783,2293774.7
2020-02-19 00:00:00+00:00,0.2983,0.30804,0.265,0.27482,2728424.1
2020-02-20 00:00:00+00:00,0.27483,0.28147,0.26049,0.27146,1230122.4
2020-02-21 00:00:00+00:00,0.27076,0.27858,0.26907,0.27371,325606.0
2020-02-22 00:00:00+00:00,0.27469,0.2778,0.27056,0.27544,270932.5
2020-02-23 00:00:00+00:00,0.27503,0.28419,0.27503,0.28355,416027.1
2020-02-24 00:00:00+00:00,0.28242,0.284,0.26437,0.2684,386742.4
2020-02-25 00:00:00+00:00,0.27048,0.27048,0.25111,0.25215,375708.7
2020-02-26 00:00:00+00:00,0.25169,0.25438,0.22289,0.22955,1468315.5
2020-02-27 00:00:00+00:00,0.22886,0.24706,0.224,0.23689,853240.5
2020-02-28 00:00:00+00:00,0.23878,0.24384,0.22863,0.2367,832824.8
2020-02-29 00:00:00+00:00,0.23955,0.24211,0.22884,0.22929,370334.8
2020-03-01 00:00:00+00:00,0.23096,0.2357,0.22469,0.228,476498.7
2020-03-02 00:00:00+00:00,0.22697,0.24133,0.22616,0.23929,465315.9
2020-03-03 00:00:00+00:00,0.23846,0.23875,0.22942,0.23404,679408.8
2020-03-04 00:00:00+00:00,0.2343,0.23817,0.2303,0.23445,491380.2
2020-03-05 00:00:00+00:00,0.23494,0.24303,0.23494,0.23886,713777.5
2020-03-06 00:00:00+00:00,0.239,0.24643,0.23846,0.24492,610724.2
2020-03-07 00:00:00+00:00,0.24539,0.24539,0.23519,0.2361,607037.9
2020-03-08 00:00:00+00:00,0.2361,0.2361,0.1997,0.20322,1907580.7
2020-03-09 00:00:00+00:00,0.20411,0.21154,0.19822,0.20962,927975.2
2020-03-10 00:00:00+00:00,0.20954,0.21579,0.20605,0.21155,399171.1
2020-03-11 00:00:00+00:00,0.21294,0.21306,0.19938,0.20853,356987.5
2020-03-12 00:00:00+00:00,0.20918,0.20918,0.07074,0.13576,5760028.7
2020-03-13 00:00:00+00:00,0.1358,0.24,0.10535,0.15846,6105337.4
2020-03-14 00:00:00+00:00,0.15719,0.15959,0.1441,0.14625,631415.2
2020-03-15 00:00:00+00:00,0.14718,0.16907,0.14517,0.15382,1221301.9
2020-03-16 00:00:00+00:00,0.15118,0.15289,0.12855,0.14029,2606036.2
2020-03-17 00:00:00+00:00,0.14156,0.15104,0.14033,0.14821,840146.8
2020-03-18 00:00:00+00:00,0.14781,0.14902,0.14206,0.14732,740854.8
2020-03-19 00:00:00+00:00,0.14748,0.17239,0.14487,0.1654,864943.4
2020-03-20 00:00:00+00:00,0.16464,0.17458,0.14736,0.15636,1212121.5
2020-03-21 00:00:00+00:00,0.15717,0.16177,0.15199,0.15844,438776.6
2020-03-22 00:00:00+00:00,0.15756,0.16189,0.14655,0.14788,453839.4
2020-03-23 00:00:00+00:00,0.14738,0.16115,0.1448,0.15783,495396.2
2020-03-24 00:00:00+00:00,0.15929,0.16362,0.15742,0.1629,591083.3
2020-03-25 00:00:00+00:00,0.16148,0.16409,0.15839,0.16127,391525.4
2020-03-26 00:00:00+00:00,0.16189,0.17777,0.16012,0.17648,560860.8
2020-03-27 00:00:00+00:00,0.17671,0.18726,0.17012,0.17303,1415763.5
2020-03-28 00:00:00+00:00,0.17243,0.17938,0.16694,0.17562,1658187.5
2020-03-29 00:00:00+00:00,0.17558,0.17637,0.16238,0.16397,1059290.4
2020-03-30 00:00:00+00:00,0.16262,0.17559,0.16262,0.17146,432069.7
2020-03-31 00:00:00+00:00,0.1716,0.17783,0.17064,0.17376,1050579.7
2020-04-01 00:00:00+00:00,0.1733,0.17611,0.16822,0.17523,1024056.2
2020-04-02 00:00:00+00:00,0.17622,0.18581,0.17398,0.17892,1173002.8
2020-04-03 00:00:00+00:00,0.17826,0.18285,0.17605,0.1791,393363.0
2020-04-04 00:00:00+00:00,0.17934,0.18334,0.17795,0.1811,345566.9
2020-04-05 00:00:00+00:00,0.18096,0.18161,0.17687,0.17915,291617.3
2020-04-06 00:00:00+00:00,0.18041,0.19774,0.17991,0.19774,934484.2
2020-04-07 00:00:00+00:00,0.19898,0.20467,0.18999,0.19295,898617.8
2020-04-08 00:00:00+00:00,0.19255,0.20264,0.19166,0.20188,662907.1
2020-04-09 00:00:00+00:00,0.20137,0.20244,0.1949,0.19894,442192.4
2020-04-10 00:00:00+00:00,0.19847,0.19864,0.18154,0.18778,722200.1
2020-04-11 00:00:00+00:00,0.18836,0.19216,0.18543,0.18759,1072352.3
2020-04-12 00:00:00+00:00,0.18945,0.19566,0.1866,0.1896,530345.1
2020-04-13 00:00:00+00:00,0.18852,0.18912,0.17382,0.18762,2117530.0
2020-04-14 00:00:00+00:00,0.18816,0.18898,0.18397,0.18627,773070.7
2020-04-15 00:00:00+00:00,0.18521,0.18963,0.18028,0.18073,529952.1
2020-04-16 00:00:00+00:00,0.17998,0.19221,0.17421,0.18963,918109.0
2020-04-17 00:00:00+00:00,0.19067,0.19155,0.18623,0.18838,379168.9
2020-04-18 00:00:00+00:00,0.18939,0.1971,0.18875,0.19498,707892.9
2020-04-19 00:00:00+00:00,0.19474,0.19621,0.18797,0.18937,504605.0
2020-04-20 00:00:00+00:00,0.18899,0.19463,0.17841,0.18135,865051.2
2020-04-21 00:00:00+00:00,0.18182,0.1864,0.18158,0.18314,489690.5
2020-04-22 00:00:00+00:00,0.18358,0.18957,0.18247,0.18791,455635.5
2020-04-23 00:00:00+00:00,0.18838,0.19935,0.18586,0.1923,1288517.3
2020-04-24 00:00:00+00:00,0.19267,0.19697,0.19249,0.19301,560057.0
2020-04-25 00:00:00+00:00,0.19295,0.19728,0.19171,0.19374,544252.1
2020-04-26 00:00:00+00:00,0.19408,0.19763,0.18982,0.19654,462300.3
2020-04-27 00:00:00+00:00,0.19738,0.19951,0.1944,0.19669,470026.8
2020-04-28 00:00:00+00:00,0.19668,0.59,0.19462,0.21476,1002961.3
2020-04-29 00:00:00+00:00,0.21426,0.23087,0.21404,0.22609,1070394.4
2020-04-30 00:00:00+00:00,0.2265,0.23578,0.20854,0.21065,1933366.2
2020-05-01 00:00:00+00:00,0.21198,0.22399,0.21192,0.21773,586177.0
2020-05-02 00:00:00+00:00,0.21766,0.22565,0.21565,0.22379,678758.6
2020-05-03 00:00:00+00:00,0.22374,0.22634,0.2156,0.21892,589689.8
2020-05-04 00:00:00+00:00,0.2201,0.2201,0.20749,0.21795,577218.3
2020-05-05 00:00:00+00:00,0.21816,0.222,0.21334,0.21686,265058.4
2020-05-06 00:00:00+00:00,0.21658,0.222,0.21058,0.21208,616553.0
2020-05-07 00:00:00+00:00,0.21016,0.22091,0.21003,0.2186,669171.3
2020-05-08 00:00:00+00:00,0.21906,0.22164,0.21454,0.21872,904100.7
2020-05-09 00:00:00+00:00,0.21872,0.2248,0.21614,0.21654,1064341.0
2020-05-10 00:00:00+00:00,0.21611,0.21611,0.11,0.19715,1376782.3
2020-05-11 00:00:00+00:00,0.19773,0.2001,0.1843,0.194,479755.9
2020-05-12 00:00:00+00:00,0.19348,0.19999,0.19142,0.19695,339723.9
2020-05-13 00:00:00+00:00,0.19767,0.20415,0.19611,0.20186,279758.6
2020-05-14 00:00:00+00:00,0.20096,0.20631,0.19924,0.20381,487852.1
2020-05-15 00:00:00+00:00,0.20372,0.20388,0.19568,0.19766,652317.9
2020-05-16 00:00:00+00:00,0.19754,0.20195,0.19754,0.20024,630543.8
2020-05-17 00:00:00+00:00,0.19918,0.20403,0.19918,0.20136,400911.1
2020-05-18 00:00:00+00:00,0.20205,0.20777,0.20205,0.20505,793914.4
2020-05-19 00:00:00+00:00,0.20462,0.206,0.20106,0.20463,175631.0
2020-05-20 00:00:00+00:00,0.20516,0.20615,0.19695,0.20179,441915.8
2020-05-21 00:00:00+00:00,0.20144,0.20278,0.19001,0.19407,722870.7
2020-05-22 00:00:00+00:00,0.19407,0.20229,0.19254,0.20013,615249.4
2020-05-23 00:00:00+00:00,0.20074,0.202,0.19827,0.19897,366744.0
2020-05-24 00:00:00+00:00,0.19912,0.20119,0.19244,0.19315,234572.9
2020-05-25 00:00:00+00:00,0.19249,0.19692,0.19006,0.19614,260107.0
2020-05-26 00:00:00+00:00,0.1964,0.19681,0.19186,0.19371,207822.4
2020-05-27 00:00:00+00:00,0.19424,0.19978,0.19399,0.19761,266245.4
2020-05-28 00:00:00+00:00,0.19781,0.2011,0.19494,0.20047,343793.6
2020-05-29 00:00:00+00:00,0.20085,0.20265,0.19642,0.19749,391428.5
2020-05-30 00:00:00+00:00,0.19745,0.20777,0.19608,0.20708,468132.9
2020-05-31 00:00:00+00:00,0.20678,0.21327,0.2005,0.20291,455368.2
2020-06-01 00:00:00+00:00,0.20167,0.21239,0.20145,0.21066,736650.7
2020-06-02 00:00:00+00:00,0.21078,0.21441,0.19763,0.20266,815285.2
2020-06-03 00:00:00+00:00,0.20286,0.20454,0.20136,0.20355,251469.3
2020-06-04 00:00:00+00:00,0.20419,0.20696,0.20031,0.20522,245333.6
2020-06-05 00:00:00+00:00,0.20397,0.20571,0.20141,0.20285,429230.6
2020-06-06 00:00:00+00:00,0.2027,0.20471,0.20145,0.20388,235254.9
2020-06-07 00:00:00+00:00,0.20376,0.20503,0.19857,0.20317,404561.2
2020-06-08 00:00:00+00:00,0.20332,0.20419,0.20135,0.20394,212239.7
2020-06-09 00:00:00+00:00,0.20419,0.20498,0.20003,0.20116,315185.1
2020-06-10 00:00:00+00:00,0.20094,0.20346,0.19906,0.20221,536077.7
2020-06-11 00:00:00+00:00,0.20259,0.2035,0.185,0.18855,1142465.6
2020-06-12 00:00:00+00:00,0.18804,0.1951,0.18751,0.19291,542929.2
2020-06-13 00:00:00+00:00,0.19194,0.19354,0.19098,0.19254,77090.4
2020-06-14 00:00:00+00:00,0.19211,0.19239,0.18903,0.19085,232760.1
2020-06-15 00:00:00+00:00,0.19005,0.1933,0.18246,0.19263,923518.7
2020-06-16 00:00:00+00:00,0.19187,0.19357,0.19042,0.19217,243556.3
2020-06-17 00:00:00+00:00,0.19223,0.19876,0.19,0.19325,544805.6
2020-06-18 00:00:00+00:00,0.19256,0.19256,0.18841,0.19055,222422.4
2020-06-19 00:00:00+00:00,0.18984,0.19006,0.18628,0.18731,234468.8
2020-06-20 00:00:00+00:00,0.18704,0.18879,0.18501,0.18819,199114.8
2020-06-21 00:00:00+00:00,0.18773,0.18826,0.18607,0.18607,106312.4
2020-06-22 00:00:00+00:00,0.18586,0.19,0.18586,0.18955,359108.0
2020-06-23 00:00:00+00:00,0.18957,0.19034,0.18862,0.1889,164586.6
2020-06-24 00:00:00+00:00,0.18918,0.19019,0.18166,0.18356,502735.6
2020-06-25 00:00:00+00:00,0.18356,0.18412,0.17891,0.18167,162009.5
2020-06-26 00:00:00+00:00,0.18116,0.18645,0.17914,0.18307,655886.9
2020-06-27 00:00:00+00:00,0.18204,0.18363,0.17116,0.1753,542929.1
2020-06-28 00:00:00+00:00,0.1749,0.17949,0.17356,0.17693,320966.2
2020-06-29 00:00:00+00:00,0.17681,0.17917,0.17498,0.17717,478638.2
2020-06-30 00:00:00+00:00,0.17744,0.17755,0.17508,0.17543,134770.1
2020-07-01 00:00:00+00:00,0.1749,0.17802,0.17391,0.17635,180681.9
2020-07-02 00:00:00+00:00,0.17688,0.178,0.17219,0.17511,543367.0
2020-07-03 00:00:00+00:00,0.17462,0.17851,0.17282,0.17634,765784.8
2020-07-04 00:00:00+00:00,0.17664,0.17948,0.17664,0.17815,414175.5
2020-07-05 00:00:00+00:00,0.17825,0.17869,0.17425,0.17744,380511.5
2020-07-06 00:00:00+00:00,0.17721,0.18903,0.17612,0.18833,930121.2
2020-07-07 00:00:00+00:00,0.18845,0.18964,0.18307,0.18485,740278.2
2020-07-08 00:00:00+00:00,0.18461,0.20721,0.18378,0.20491,2863702.7
2020-07-09 00:00:00+00:00,0.20518,0.21144,0.19742,0.20256,1113495.5
2020-07-10 00:00:00+00:00,0.20207,0.20239,0.19279,0.19917,956691.7
2020-07-11 00:00:00+00:00,0.19882,0.20483,0.19825,0.20126,905937.5
2020-07-12 00:00:00+00:00,0.20119,0.20396,0.19776,0.20128,717180.5
2020-07-13 00:00:00+00:00,0.20143,0.20673,0.19361,0.199,618862.7
2020-07-14 00:00:00+00:00,0.19883,0.19967,0.1954,0.19903,264636.5
2020-07-15 00:00:00+00:00,0.19969,0.20064,0.19672,0.19759,336076.0
2020-07-16 00:00:00+00:00,0.19729,0.19754,0.18911,0.19466,474487.1
2020-07-17 00:00:00+00:00,0.19416,0.19818,0.1916,0.1946,340541.4
2020-07-18 00:00:00+00:00,0.19434,0.20238,0.19411,0.19992,543943.3
2020-07-19 00:00:00+00:00,0.20023,0.20185,0.19617,0.19964,338744.2
2020-07-20 00:00:00+00:00,0.19989,0.20009,0.19253,0.19467,370612.5
2020-07-21 00:00:00+00:00,0.19424,0.20072,0.19398,0.19936,250175.9
2020-07-22 00:00:00+00:00,0.19945,0.20431,0.19642,0.20377,328740.7
2020-07-23 00:00:00+00:00,0.20384,0.2103,0.20163,0.20853,741420.3
2020-07-24 00:00:00+00:00,0.20823,0.20823,0.20201,0.20414,414637.7
2020-07-25 00:00:00+00:00,0.20413,0.21762,0.20373,0.21455,868058.0
2020-07-26 00:00:00+00:00,0.21439,0.22488,0.21299,0.2152,705026.2
2020-07-27 00:00:00+00:00,0.21567,0.22895,0.2105,0.22448,1493777.9
2020-07-28 00:00:00+00:00,0.22456,0.23472,0.21738,0.23047,1436389.3
2020-07-29 00:00:00+00:00,0.23071,0.24999,0.22944,0.24236,1716584.6
2020-07-30 00:00:00+00:00,0.24197,0.24931,0.23485,0.24425,1150605.0
2020-07-31 00:00:00+00:00,0.24416,0.26052,0.24181,0.2597,719906.9
2020-08-01 00:00:00+00:00,0.25994,0.29754,0.25592,0.29114,2170974.0
2020-08-02 00:00:00+00:00,0.2908,0.32537,0.25,0.28795,5746141.2
2020-08-03 00:00:00+00:00,0.28884,0.31938,0.28461,0.30991,2857541.9
2020-08-04 00:00:00+00:00,0.31003,0.31914,0.29142,0.30053,1879226.9
2020-08-05 00:00:00+00:00,0.30181,0.30802,0.29138,0.3021,1310998.9
2020-08-06 00:00:00+00:00,0.30219,0.31106,0.29759,0.30338,613282.5
2020-08-07 00:00:00+00:00,0.30269,0.30997,0.29315,0.29403,489974.7
2020-08-08 00:00:00+00:00,0.29403,0.29815,0.29002,0.29455,689942.2
2020-08-09 00:00:00+00:00,0.29493,0.29819,0.28242,0.28832,493611.0
2020-08-10 00:00:00+00:00,0.28815,0.29981,0.28399,0.29479,765639.3
2020-08-11 00:00:00+00:00,0.29464,0.30716,0.26944,0.28386,1362141.3
2020-08-12 00:00:00+00:00,0.28287,0.28692,0.27195,0.28232,1288789.5
2020-08-13 00:00:00+00:00,0.2818,0.29553,0.27253,0.29396,975961.9
2020-08-14 00:00:00+00:00,0.29475,0.3071,0.29082,0.29952,985848.1
2020-08-15 00:00:00+00:00,0.30083,0.3052,0.29231,0.29898,654925.3
2020-08-16 00:00:00+00:00,0.29989,0.30487,0.29237,0.30382,609821.8
2020-08-17 00:00:00+00:00,0.30418,0.32654,0.29725,0.31412,1674408.3
2020-08-18 00:00:00+00:00,0.31471,0.32118,0.29846,0.30223,822122.4
2020-08-19 00:00:00+00:00,0.3036,0.30592,0.27934,0.28937,776192.8
2020-08-20 00:00:00+00:00,0.29096,0.29465,0.28462,0.29259,371850.2
2020-08-21 00:00:00+00:00,0.29223,0.29571,0.278,0.2792,677844.8
2020-08-22 00:00:00+00:00,0.27959,0.28654,0.27372,0.28638,444301.5
2020-08-23 00:00:00+00:00,0.28611,0.28776,0.27791,0.28584,375675.0
2020-08-24 00:00:00+00:00,0.28409,0.2918,0.28241,0.28933,297107.1
2020-08-25 00:00:00+00:00,0.28839,0.28969,0.27033,0.27716,376238.0
2020-08-26 00:00:00+00:00,0.27551,0.28011,0.27422,0.27635,308205.1
2020-08-27 00:00:00+00:00,0.27702,0.27791,0.25469,0.26432,728318.6
2020-08-28 00:00:00+00:00,0.26389,0.27291,0.26023,0.27201,357348.7
2020-08-29 00:00:00+00:00,0.27248,0.27633,0.26863,0.27414,238525.0
2020-08-30 00:00:00+00:00,0.27415,0.28395,0.27414,0.28298,576242.1
2020-08-31 00:00:00+00:00,0.28361,0.28438,0.27833,0.28083,195561.1
2020-09-01 00:00:00+00:00,0.28009,0.29845,0.27612,0.2947,811051.6
2020-09-02 00:00:00+00:00,0.2952,0.30386,0.2639,0.27583,1759906.2
2020-09-03 00:00:00+00:00,0.27463,0.27654,0.24104,0.24456,1446294.1
2020-09-04 00:00:00+00:00,0.24446,0.26529,0.24075,0.25439,1405784.2
2020-09-05 00:00:00+00:00,0.25417,0.25935,0.23157,0.23589,1656388.0
2020-09-06 00:00:00+00:00,0.23732,0.24336,0.22976,0.24035,787719.5
2020-09-07 00:00:00+00:00,0.24189,0.243,0.23012,0.24199,710086.7
2020-09-08 00:00:00+00:00,0.24279,0.24363,0.23163,0.23553,675532.1
2020-09-09 00:00:00+00:00,0.23598,0.2427,0.23329,0.23868,367132.3
2020-09-10 00:00:00+00:00,0.24023,0.24893,0.24008,0.24276,282218.6
2020-09-11 00:00:00+00:00,0.24396,0.2447,0.23722,0.24296,235055.7
2020-09-12 00:00:00+00:00,0.2422,0.248,0.24062,0.2475,190239.8
2020-09-13 00:00:00+00:00,0.24745,0.25324,0.23778,0.2418,400769.1
2020-09-14 00:00:00+00:00,0.24153,0.24798,0.23932,0.24569,314992.7
2020-09-15 00:00:00+00:00,0.24586,0.24893,0.24264,0.24295,242870.0
2020-09-16 00:00:00+00:00,0.24211,0.25094,0.235,0.24762,394476.2
2020-09-17 00:00:00+00:00,0.24709,0.25829,0.24659,0.25262,625055.5
2020-09-18 00:00:00+00:00,0.2528,0.25518,0.24677,0.25022,402347.0
2020-09-19 00:00:00+00:00,0.25059,0.25469,0.24755,0.2515,645468.3
2020-09-20 00:00:00+00:00,0.25087,0.25087,0.24253,0.24609,373487.0
2020-09-21 00:00:00+00:00,0.24498,0.24765,0.22938,0.23098,935062.6
2020-09-22 00:00:00+00:00,0.23058,0.23467,0.22955,0.23304,362025.0
2020-09-23 00:00:00+00:00,0.233,0.23485,0.22073,0.22105,332709.9
2020-09-24 00:00:00+00:00,0.22,0.2336,0.21984,0.23267,453219.4
2020-09-25 00:00:00+00:00,0.23329,0.24458,0.22991,0.24155,443348.3
2020-09-26 00:00:00+00:00,0.24257,0.24546,0.23817,0.24165,170550.0
2020-09-27 00:00:00+00:00,0.2414,0.24451,0.23773,0.24221,130338.9
2020-09-28 00:00:00+00:00,0.24395,0.24841,0.24015,0.24176,375527.7
2020-09-29 00:00:00+00:00,0.24064,0.24589,0.23852,0.24356,261279.1
2020-09-30 00:00:00+00:00,0.24247,0.24257,0.23861,0.24115,181062.9
2020-10-01 00:00:00+00:00,0.24226,0.24397,0.23457,0.23786,392334.6
2020-10-02 00:00:00+00:00,0.23735,0.23915,0.22853,0.234,450957.1
2020-10-03 00:00:00+00:00,0.23324,0.23503,0.23274,0.23335,170270.2
2020-10-04 00:00:00+00:00,0.23303,0.25012,0.23173,0.24784,779733.5
2020-10-05 00:00:00+00:00,0.24816,0.2542,0.2469,0.25028,702739.1
2020-10-06 00:00:00+00:00,0.2515,0.25905,0.24108,0.24521,921404.2
2020-10-07 00:00:00+00:00,0.24475,0.25079,0.24109,0.24831,301976.8
2020-10-08 00:00:00+00:00,0.24845,0.25259,0.24234,0.25108,222085.6
2020-10-09 00:00:00+00:00,0.25184,0.25629,0.24993,0.25232,232431.1
2020-10-10 00:00:00+00:00,0.25308,0.26018,0.25301,0.25412,345119.2
2020-10-11 00:00:00+00:00,0.25433,0.2584,0.25355,0.2547,101145.6
2020-10-12 00:00:00+00:00,0.25458,0.25807,0.2495,0.25605,350560.4
2020-10-13 00:00:00+00:00,0.25602,0.26027,0.25314,0.25653,531803.9
2020-10-14 00:00:00+00:00,0.25557,0.25822,0.24603,0.2489,332386.1
2020-10-15 00:00:00+00:00,0.2489,0.24954,0.24315,0.24566,329925.2
2020-10-16 00:00:00+00:00,0.24559,0.2469,0.23779,0.2402,448713.3
2020-10-17 00:00:00+00:00,0.24036,0.24273,0.23877,0.2407,120621.2
2020-10-18 00:00:00+00:00,0.24053,0.24363,0.24053,0.24185,88496.8
2020-10-19 00:00:00+00:00,0.24233,0.24919,0.24053,0.24566,188904.9
2020-10-20 00:00:00+00:00,0.245,0.25015,0.24162,0.2429,298329.7
2020-10-21 00:00:00+00:00,0.24308,0.25518,0.24301,0.25115,667834.2
2020-10-22 00:00:00+00:00,0.25133,0.26348,0.25111,0.25649,910054.8
2020-10-23 00:00:00+00:00,0.25666,0.2591,0.25045,0.2551,419127.1
2020-10-24 00:00:00+00:00,0.25459,0.25767,0.25274,0.25618,263892.3
2020-10-25 00:00:00+00:00,0.25474,0.2572,0.25164,0.25285,356704.3
2020-10-26 00:00:00+00:00,0.25298,0.25898,0.24395,0.24883,344258.8
2020-10-27 00:00:00+00:00,0.24761,0.25375,0.24761,0.25318,331360.6
2020-10-28 00:00:00+00:00,0.25294,0.2564,0.24445,0.2454,378649.9
2020-10-29 00:00:00+00:00,0.24492,0.24664,0.24,0.24252,168178.0
2020-10-30 00:00:00+00:00,0.24206,0.24361,0.23106,0.23937,445168.7
2020-10-31 00:00:00+00:00,0.23854,0.24334,0.23763,0.23999,164730.9
2020-11-01 00:00:00+00:00,0.24012,0.24114,0.23694,0.2395,131440.1
2020-11-02 00:00:00+00:00,0.24142,0.24462,0.2331,0.23525,402059.7
2020-11-03 00:00:00+00:00,0.23471,0.24395,0.22805,0.23896,544443.4
2020-11-04 00:00:00+00:00,0.23952,0.24017,0.23231,0.23703,347348.4
2020-11-05 00:00:00+00:00,0.23802,0.24715,0.23741,0.24531,678145.9
2020-11-06 00:00:00+00:00,0.24528,0.26123,0.24519,0.25854,1006496.5
2020-11-07 00:00:00+00:00,0.25878,0.26705,0.24456,0.25004,1093097.1
2020-11-08 00:00:00+00:00,0.24802,0.25656,0.24762,0.25392,552898.1
2020-11-09 00:00:00+00:00,0.25406,0.25566,0.24572,0.24994,419588.9
2020-11-10 00:00:00+00:00,0.24921,0.26451,0.24839,0.25352,930780.1
2020-11-11 00:00:00+00:00,0.25354,0.25983,0.25242,0.25572,456803.7
2020-11-12 00:00:00+00:00,0.25458,0.2579,0.25261,0.25465,680415.1
2020-11-13 00:00:00+00:00,0.25468,0.26549,0.25378,0.26528,1261489.7
2020-11-14 00:00:00+00:00,0.26615,0.2771,0.26188,0.26806,2422211.0
2020-11-15 00:00:00+00:00,0.26868,0.27662,0.2643,0.27013,1206562.3
2020-11-16 00:00:00+00:00,0.26879,0.28903,0.2678,0.28859,807066.8
2020-11-17 00:00:00+00:00,0.28841,0.30484,0.28769,0.30239,1988194.4
2020-11-18 00:00:00+00:00,0.30285,0.30802,0.28217,0.29396,2019134.5
2020-11-19 00:00:00+00:00,0.2938,0.30646,0.28448,0.30379,1367296.1
2020-11-20 00:00:00+00:00,0.30345,0.33061,0.29742,0.32988,1995692.3
2020-11-21 00:00:00+00:00,0.3297,0.46883,0.32948,0.46293,12983471.8
2020-11-22 00:00:00+00:00,0.46302,0.49643,0.40524,0.44576,26982790.0
2020-11-23 00:00:00+00:00,0.44665,0.62,0.43255,0.61484,7134400.2
2020-11-24 00:00:00+00:00,0.61648,0.78087,0.56862,0.693,13200211.8
2020-11-25 00:00:00+00:00,0.693,0.7228,0.58394,0.6319,9931526.4
2020-11-26 00:00:00+00:00,0.62971,0.651,0.45778,0.53603,10139771.8
2020-11-27 00:00:00+00:00,0.53638,0.5868,0.50294,0.563,5788534.9
2020-11-28 00:00:00+00:00,0.563,0.64923,0.53901,0.62617,4434364.8
2020-11-29 00:00:00+00:00,0.62643,0.63672,0.58192,0.60407,3440476.2
2020-11-30 00:00:00+00:00,0.6063,0.67806,0.59845,0.66478,5674291.6
2020-12-01 00:00:00+00:00,0.66355,0.68,0.58,0.61042,4148297.4
2020-12-02 00:00:00+00:00,0.61047,0.63612,0.59478,0.63021,2824323.9
2020-12-03 00:00:00+00:00,0.63256,0.6417,0.61533,0.63155,1627800.3
2020-12-04 00:00:00+00:00,0.62902,0.63446,0.54147,0.5535,4073151.4
2020-12-05 00:00:00+00:00,0.55287,0.596,0.54866,0.585,2933831.6
2020-12-06 00:00:00+00:00,0.58583,0.62779,0.57861,0.61927,4318807.1
2020-12-07 00:00:00+00:00,0.62274,0.62274,0.59107,0.60913,2410392.4
2020-12-08 00:00:00+00:00,0.60866,0.61081,0.54198,0.55944,3125494.0
2020-12-09 00:00:00+00:00,0.55767,0.60828,0.50447,0.58297,5902845.4
2020-12-10 00:00:00+00:00,0.58338,0.58855,0.55333,0.57207,3040856.8
2020-12-11 00:00:00+00:00,0.57359,0.59075,0.52832,0.54969,4785287.4
2020-12-12 00:00:00+00:00,0.55003,0.55003,0.48601,0.50554,5709615.8
2020-12-13 00:00:00+00:00,0.50497,0.52703,0.48586,0.51261,1855156.3
2020-12-14 00:00:00+00:00,0.51258,0.51901,0.48965,0.49812,1331414.2
2020-12-15 00:00:00+00:00,0.4989,0.50714,0.46496,0.46814,2224454.9
2020-12-16 00:00:00+00:00,0.46627,0.57367,0.43785,0.57137,6250223.2
2020-12-17 00:00:00+00:00,0.56932,0.65848,0.54,0.57823,8967611.9
2020-12-18 00:00:00+00:00,0.57775,0.61356,0.55127,0.58406,4396974.4
2020-12-19 00:00:00+00:00,0.58452,0.60336,0.56577,0.57692,2762092.4
2020-12-20 00:00:00+00:00,0.57629,0.58617,0.53146,0.55622,1803950.4
2020-12-21 00:00:00+00:00,0.55442,0.56907,0.49999,0.51407,2509000.3
2020-12-22 00:00:00+00:00,0.51544,0.52186,0.40354,0.44625,9520913.9
2020-12-23 00:00:00+00:00,0.44496,0.44892,0.21501,0.2608,38710398.9
2020-12-24 00:00:00+00:00,0.26033,0.39175,0.24062,0.33833,32674862.6
2020-12-25 00:00:00+00:00,0.33933,0.38513,0.28,0.31707,34034554.6
2020-12-26 00:00:00+00:00,0.31708,0.32757,0.28317,0.29428,11309797.1
2020-12-27 00:00:00+00:00,0.29478,0.31067,0.26618,0.28381,8554456.0
2020-12-28 00:00:00+00:00,0.28368,0.3098,0.23487,0.24816,9567477.5
2020-12-29 00:00:00+00:00,0.24868,0.25084,0.1735,0.22164,28101408.5
2020-12-30 00:00:00+00:00,0.22118,0.23636,0.19317,0.21127,15665333.8
2020-12-31 00:00:00+00:00,0.21102,0.22888,0.2052,0.21943,10323482.8
2021-01-01 00:00:00+00:00,0.21918,0.24983,0.216,0.2375,15956505.7
2021-01-02 00:00:00+00:00,0.23738,0.23796,0.21,0.22101,6975599.2
2021-01-03 00:00:00+00:00,0.22078,0.23843,0.215,0.22351,5885059.7
2021-01-04 00:00:00+00:00,0.22574,0.2614,0.2195,0.23576,8533376.0
2021-01-05 00:00:00+00:00,0.23614,0.24163,0.21756,0.22578,5303996.3
2021-01-06 00:00:00+00:00,0.22618,0.27436,0.22161,0.24883,10225047.5
2021-01-07 00:00:00+00:00,0.24833,0.37,0.24523,0.324,24104539.4
2021-01-08 00:00:00+00:00,0.32499,0.34576,0.28521,0.32134,13519430.7
2021-01-09 00:00:00+00:00,0.3204,0.33921,0.30582,0.32469,5336839.7
2021-01-10 00:00:00+00:00,0.32503,0.36837,0.289,0.31567,8533697.8
2021-01-11 00:00:00+00:00,0.31537,0.31537,0.25435,0.28757,6868858.0
2021-01-12 00:00:00+00:00,0.2878,0.30949,0.27817,0.29248,4609502.2
2021-01-13 00:00:00+00:00,0.29177,0.30502,0.28521,0.29691,2326492.8
2023-07-14 00:00:00+00:00,0.7725,2.0,0.56,0.72,432668.0
2023-07-15 00:00:00+00:00,0.7202,0.736,0.6937,0.7157,605759.0
2023-07-16 00:00:00+00:00,0.7197,0.7896,0.7026,0.7488,442580.0
2023-07-17 00:00:00+00:00,0.7488,0.7698,0.7155,0.739,722527.0
2023-07-18 00:00:00+00:00,0.7401,0.784,0.7323,0.7825,506176.0
2023-07-19 00:00:00+00:00,0.7774,0.85,0.7725,0.8211,1156976.0
2023-07-20 00:00:00+00:00,0.8211,0.848,0.7727,0.7948,867591.0
2023-07-21 00:00:00+00:00,0.7928,0.8,0.7612,0.7713,400296.0
2023-07-22 00:00:00+00:00,0.7707,0.7789,0.7243,0.7341,337099.0
2023-07-23 00:00:00+00:00,0.734,0.7513,0.7159,0.7402,515946.0
2023-07-24 00:00:00+00:00,0.7371,0.7424,0.6827,0.7016,738878.0
2023-07-25 00:00:00+00:00,0.7016,0.7142,0.6741,0.7098,692905.0
2023-07-26 00:00:00+00:00,0.7093,0.7304,0.6946,0.7164,463481.0
2023-07-27 00:00:00+00:00,0.7164,0.7317,0.7079,0.7145,305560.0
2023-07-28 00:00:00+00:00,0.7124,0.7184,0.7038,0.712,183977.0
2023-07-29 00:00:00+00:00,0.712,0.7152,0.7053,0.7126,239932.0
2023-07-30 00:00:00+00:00,0.7116,0.7358,0.6916,0.7061,249890.0
2023-07-31 00:00:00+00:00,0.7045,0.7205,0.6859,0.7002,217264.0
2023-08-01 00:00:00+00:00,0.6991,0.7079,0.6781,0.7069,217800.0
2023-08-02 00:00:00+00:00,0.7061,0.7072,0.6776,0.6861,304149.0
2023-08-03 00:00:00+00:00,0.6851,0.6885,0.6554,0.6666,153979.0
2023-08-04 00:00:00+00:00,0.6638,0.6668,0.628,0.6361,179897.0
2023-08-05 00:00:00+00:00,0.6356,0.6356,0.6113,0.6292,299534.0
2023-08-06 00:00:00+00:00,0.6288,0.6378,0.6223,0.6223,112608.0
2023-08-07 00:00:00+00:00,0.6252,0.629,0.6,0.623,339118.0
2023-08-08 00:00:00+00:00,0.6229,0.6483,0.6149,0.6411,649180.0
2023-08-09 00:00:00+00:00,0.6413,0.6651,0.6329,0.6436,690743.0
2023-08-10 00:00:00+00:00,0.6424,0.6447,0.625,0.6342,342437.0
2023-08-11 00:00:00+00:00,0.6333,0.6406,0.6264,0.6331,131015.0
2023-08-12 00:00:00+00:00,0.6306,0.633,0.6239,0.6276,246050.0
2023-08-13 00:00:00+00:00,0.6268,0.6376,0.6247,0.6267,95267.0
2023-08-14 00:00:00+00:00,0.6266,0.6365,0.6241,0.6353,137305.0
2023-08-15 00:00:00+00:00,0.6345,0.6345,0.5879,0.6102,265029.0
2023-08-16 00:00:00+00:00,0.6093,0.616,0.5726,0.589,268419.0
2023-08-17 00:00:00+00:00,0.589,0.594,0.487,0.5075,811596.0
2023-08-18 00:00:00+00:00,0.5076,0.5219,0.4841,0.5063,444288.0
2023-08-19 00:00:00+00:00,0.506,0.524,0.5011,0.5207,186956.0
2023-08-20 00:00:00+00:00,0.519,0.5571,0.5174,0.5385,266885.0
2023-08-21 00:00:00+00:00,0.538,0.5384,0.503,0.5252,127999.0
2023-08-22 00:00:00+00:00,0.5237,0.5245,0.5043,0.5216,203717.0
2023-08-23 00:00:00+00:00,0.521,0.5358,0.5165,0.53,95365.0
2023-08-24 00:00:00+00:00,0.5302,0.5316,0.5117,0.5173,73389.0
2023-08-25 00:00:00+00:00,0.5184,0.531,0.5082,0.5262,68080.0
2023-08-26 00:00:00+00:00,0.5251,0.5275,0.5186,0.5236,69612.0
2023-08-27 00:00:00+00:00,0.5236,0.5298,0.5183,0.5241,52588.0
2023-08-28 00:00:00+00:00,0.5231,0.5241,0.511,0.5234,122557.0
2023-08-29 00:00:00+00:00,0.5225,0.5488,0.5137,0.5399,205107.0
2023-08-30 00:00:00+00:00,0.5395,0.5395,0.5222,0.5284,109349.0
2023-08-31 00:00:00+00:00,0.528,0.5289,0.4966,0.5103,181004.0
2023-09-01 00:00:00+00:00,0.5113,0.5121,0.4873,0.4981,234237.0
2023-09-02 00:00:00+00:00,0.4976,0.5023,0.4948,0.4991,87051.0
2023-09-03 00:00:00+00:00,0.4981,0.51,0.4972,0.505,235650.0
2023-09-04 00:00:00+00:00,0.5045,0.5126,0.497,0.5084,324551.0
2023-09-05 00:00:00+00:00,0.5077,0.5077,0.4993,0.5057,220290.0
2023-09-06 00:00:00+00:00,0.5056,0.5056,0.4915,0.5036,178843.0
2023-09-07 00:00:00+00:00,0.5033,0.506,0.4973,0.505,125851.0
2023-09-08 00:00:00+00:00,0.5046,0.5071,0.4969,0.5054,146052.0
2023-09-09 00:00:00+00:00,0.5051,0.5051,0.5017,0.5037,89741.0
2023-09-10 00:00:00+00:00,0.5029,0.5029,0.4933,0.4982,183628.0
2023-09-11 00:00:00+00:00,0.4972,0.4973,0.4626,0.4745,329056.0
2023-09-12 00:00:00+00:00,0.4734,0.4858,0.4707,0.481,358343.0
2023-09-13 00:00:00+00:00,0.4804,0.4889,0.4734,0.4834,336256.0
2023-09-14 00:00:00+00:00,0.4825,0.4935,0.4802,0.4897,251239.0
2023-09-15 00:00:00+00:00,0.4894,0.5078,0.4883,0.5008,164765.0
2023-09-16 00:00:00+00:00,0.5004,0.5031,0.4974,0.499,192479.0
2023-09-17 00:00:00+00:00,0.4994,0.5002,0.49,0.4926,52161.0
2023-09-18 00:00:00+00:00,0.49,0.5072,0.4876,0.5028,102700.0
2023-09-19 00:00:00+00:00,0.5029,0.5163,0.501,0.5135,163404.0
2023-09-20 00:00:00+00:00,0.5134,0.5245,0.5071,0.5209,220251.0
2023-09-21 00:00:00+00:00,0.5204,0.5207,0.5007,0.5064,231790.0
2023-09-22 00:00:00+00:00,0.5072,0.5164,0.5041,0.512,92765.0
2023-09-23 00:00:00+00:00,0.5121,0.5135,0.5062,0.5075,51243.0
2023-09-24 00:00:00+00:00,0.5077,0.5115,0.4997,0.5026,126724.0
2023-09-25 00:00:00+00:00,0.502,0.5069,0.4917,0.505,156719.0
2023-09-26 00:00:00+00:00,0.5047,0.5069,0.4975,0.5017,182220.0
2023-09-27 00:00:00+00:00,0.5021,0.5066,0.4969,0.4997,165873.0
2023-09-28 00:00:00+00:00,0.4992,0.51,0.4957,0.5095,157071.0
2023-09-29 00:00:00+00:00,0.51,0.5491,0.5067,0.5221,327440.0
2023-09-30 00:00:00+00:00,0.52,0.52,0.5145,0.5149,87722.0
2023-10-01 00:00:00+00:00,0.5145,0.5258,0.5141,0.5245,317934.0
2023-10-02 00:00:00+00:00,0.5249,0.5259,0.5082,0.5119,278406.0
2023-10-03 00:00:00+00:00,0.5124,0.5478,0.5065,0.5382,198910.0
2023-10-04 00:00:00+00:00,0.5382,0.5414,0.5213,0.5325,282550.0
2023-10-05 00:00:00+00:00,0.5319,0.5319,0.5182,0.5235,188391.0
2023-10-06 00:00:00+00:00,0.5229,0.529,0.5176,0.5256,149724.0
2023-10-07 00:00:00+00:00,0.5255,0.5255,0.5203,0.5222,68916.0
2023-10-08 00:00:00+00:00,0.5219,0.5232,0.516,0.5177,57197.0
2023-10-09 00:00:00+00:00,0.5175,0.5195,0.4928,0.5029,263895.0
2023-10-10 00:00:00+00:00,0.5025,0.5025,0.4925,0.4974,274453.0
2023-10-11 00:00:00+00:00,0.4969,0.4972,0.4792,0.4889,204843.0
2023-10-12 00:00:00+00:00,0.4885,0.4887,0.4744,0.483,196300.0
2023-10-13 00:00:00+00:00,0.4829,0.49,0.4792,0.4856,146962.0
2023-10-14 00:00:00+00:00,0.485,0.4878,0.4839,0.4861,174121.0
2023-10-15 00:00:00+00:00,0.4861,0.4898,0.4855,0.4873,102752.0
2023-10-16 00:00:00+00:00,0.4873,0.5088,0.4856,0.4984,496010.0
2023-10-17 00:00:00+00:00,0.4976,0.4978,0.4852,0.4917,187911.0
2023-10-18 00:00:00+00:00,0.4911,0.4921,0.4863,0.4883,147868.0
2023-10-19 00:00:00+00:00,0.4871,0.5241,0.4782,0.5189,455884.0
2023-10-20 00:00:00+00:00,0.521,0.5302,0.5091,0.5157,623279.0
2023-10-21 00:00:00+00:00,0.5156,0.5313,0.5116,0.5203,473565.0
2023-10-22 00:00:00+00:00,0.5205,0.5239,0.5151,0.5227,129796.0
2023-10-23 00:00:00+00:00,0.5227,0.5535,0.5207,0.5469,763131.0
2023-10-24 00:00:00+00:00,0.547,0.5855,0.5364,0.5587,1042127.0
2023-10-25 00:00:00+00:00,0.5575,0.5628,0.5414,0.555,264983.0
2023-10-26 00:00:00+00:00,0.5556,0.5656,0.5435,0.5535,249433.0
2023-10-27 00:00:00+00:00,0.5531,0.5581,0.5384,0.5433,294728.0
2023-10-28 00:00:00+00:00,0.5436,0.5498,0.5401,0.5446,225099.0
2023-10-29 00:00:00+00:00,0.5446,0.5609,0.5416,0.556,138260.0
2023-10-30 00:00:00+00:00,0.5578,0.5836,0.5497,0.5778,246224.0
2023-10-31 00:00:00+00:00,0.5779,0.62,0.5631,0.5991,418119.0
2023-11-01 00:00:00+00:00,0.5972,0.6162,0.5808,0.609,407389.0
2023-11-02 00:00:00+00:00,0.6087,0.6254,0.5874,0.606,598252.0
2023-11-03 00:00:00+00:00,0.6043,0.6152,0.5923,0.6125,310794.0
2023-11-04 00:00:00+00:00,0.6121,0.6177,0.6091,0.6146,245161.0
2023-11-05 00:00:00+00:00,0.6164,0.6627,0.6135,0.6606,839346.0
2023-11-06 00:00:00+00:00,0.6618,0.7324,0.6582,0.7152,1225533.0
2023-11-07 00:00:00+00:00,0.7149,0.7149,0.6532,0.6861,1004954.0
2023-11-08 00:00:00+00:00,0.685,0.698,0.6733,0.6876,358129.0
2023-11-09 00:00:00+00:00,0.6866,0.7066,0.6388,0.6681,1033694.0
2023-11-10 00:00:00+00:00,0.6663,0.6704,0.64,0.6584,865011.0
2023-11-11 00:00:00+00:00,0.6589,0.6865,0.6418,0.6619,581433.0
2023-11-12 00:00:00+00:00,0.6632,0.671,0.6466,0.6608,202120.0
2023-11-13 00:00:00+00:00,0.661,0.7496,0.6419,0.6705,1079577.0
2023-11-14 00:00:00+00:00,0.669,0.6717,0.608,0.63,823075.0
2023-11-15 00:00:00+00:00,0.629,0.6497,0.6255,0.6484,346886.0
2023-11-16 00:00:00+00:00,0.6488,0.6524,0.6054,0.6132,524203.0
2023-11-17 00:00:00+00:00,0.6118,0.624,0.5863,0.6128,355077.0
2023-11-18 00:00:00+00:00,0.6123,0.6144,0.5895,0.6111,152477.0
2023-11-19 00:00:00+00:00,0.6094,0.6285,0.6018,0.6238,369078.0
2023-11-20 00:00:00+00:00,0.626,0.6282,0.6082,0.6127,242266.0
2023-11-21 00:00:00+00:00,0.6117,0.6176,0.5759,0.5801,450055.0
2023-11-22 00:00:00+00:00,0.5786,0.6147,0.5786,0.6115,416817.0
2023-11-23 00:00:00+00:00,0.6114,0.6235,0.6069,0.6201,361667.0
2023-11-24 00:00:00+00:00,0.6205,0.625,0.6161,0.6216,346031.0
2023-11-25 00:00:00+00:00,0.6197,0.6234,0.6157,0.6229,141452.0
2023-11-26 00:00:00+00:00,0.6228,0.6366,0.609,0.6163,243938.0
2023-11-27 00:00:00+00:00,0.616,0.6164,0.5949,0.6039,162563.0
2023-11-28 00:00:00+00:00,0.6029,0.6145,0.596,0.6109,372004.0
2023-11-29 00:00:00+00:00,0.6105,0.6164,0.6047,0.6092,192657.0
2023-11-30 00:00:00+00:00,0.6089,0.6098,0.5991,0.6061,150168.0
2023-12-01 00:00:00+00:00,0.6061,0.6139,0.6035,0.6128,113848.0
2023-12-02 00:00:00+00:00,0.6127,0.6229,0.6114,0.6211,300077.0
2023-12-03 00:00:00+00:00,0.6211,0.6337,0.6172,0.6245,416737.0
2023-12-04 00:00:00+00:00,0.6243,0.6435,0.59,0.6245,724222.0
2023-12-05 00:00:00+00:00,0.6244,0.6302,0.6084,0.6216,399534.0
2023-12-06 00:00:00+00:00,0.6212,0.6429,0.6114,0.6412,622885.0
2023-12-07 00:00:00+00:00,0.6398,0.6544,0.6223,0.6435,572135.0
2023-12-08 00:00:00+00:00,0.6434,0.6748,0.6378,0.6728,329633.0
2023-12-09 00:00:00+00:00,0.6728,0.6985,0.6543,0.6586,1097676.0
2023-12-10 00:00:00+00:00,0.6606,0.6711,0.6465,0.6616,202968.0
2023-12-11 00:00:00+00:00,0.6621,0.6628,0.6021,0.6198,760744.0
2023-12-12 00:00:00+00:00,0.6185,0.626,0.6074,0.6192,313353.0
2023-12-13 00:00:00+00:00,0.6188,0.6344,0.5955,0.6281,307501.0
2023-12-14 00:00:00+00:00,0.6277,0.6375,0.6142,0.6319,557961.0
2023-12-15 00:00:00+00:00,0.6312,0.6438,0.6123,0.6153,643671.0
2023-12-16 00:00:00+00:00,0.6163,0.6253,0.6106,0.6201,235495.0
2023-12-17 00:00:00+00:00,0.6208,0.6233,0.61,0.6104,301123.0
2023-12-18 00:00:00+00:00,0.6127,0.6137,0.58,0.6127,347829.0
2023-12-19 00:00:00+00:00,0.6108,0.6153,0.5979,0.6048,330176.0
2023-12-20 00:00:00+00:00,0.6045,0.6256,0.6014,0.6167,276804.0
2023-12-21 00:00:00+00:00,0.6155,0.6248,0.6103,0.6236,283918.0
2023-12-22 00:00:00+00:00,0.6239,0.63,0.6159,0.6246,419456.0
2023-12-23 00:00:00+00:00,0.6246,0.6246,0.6112,0.6199,155084.0
2023-12-24 00:00:00+00:00,0.619,0.629,0.6049,0.613,364009.0
2023-12-25 00:00:00+00:00,0.613,0.648,0.609,0.6459,599192.0
2023-12-26 00:00:00+00:00,0.6459,0.6464,0.6035,0.622,485389.0
2023-12-27 00:00:00+00:00,0.6221,0.6405,0.6142,0.6347,437932.0
2023-12-28 00:00:00+00:00,0.6347,0.6579,0.6259,0.6351,531268.0
2023-12-29 00:00:00+00:00,0.6351,0.6361,0.615,0.6229,660429.0
2023-12-30 00:00:00+00:00,0.623,0.6288,0.6161,0.6219,189391.0
2023-12-31 00:00:00+00:00,0.6208,0.6282,0.61,0.6145,142409.0
2024-01-01 00:00:00+00:00,0.6151,0.6299,0.609,0.6291,444993.0
2024-01-02 00:00:00+00:00,0.6291,0.6396,0.6222,0.6245,395144.0
2024-01-03 00:00:00+00:00,0.6258,0.6392,0.5477,0.5821,803307.0
2024-01-04 00:00:00+00:00,0.5809,0.5929,0.5702,0.5871,299150.0
2024-01-05 00:00:00+00:00,0.5869,0.5887,0.5559,0.5758,344253.0
2024-01-06 00:00:00+00:00,0.5746,0.5749,0.5574,0.5675,178087.0
2024-01-07 00:00:00+00:00,0.5675,0.5724,0.5463,0.5506,191786.0
2024-01-08 00:00:00+00:00,0.5522,0.582,0.5442,0.5765,702222.0
2024-01-09 00:00:00+00:00,0.5765,0.5808,0.5582,0.5673,599625.0
2024-01-10 00:00:00+00:00,0.5691,0.6129,0.55,0.6007,541282.0
2024-01-11 00:00:00+00:00,0.5982,0.6234,0.5867,0.6018,605687.0
2024-01-12 00:00:00+00:00,0.6027,0.6027,0.566,0.5713,337333.0
2024-01-13 00:00:00+00:00,0.5717,0.5774,0.5655,0.5757,55965.0
2024-01-14 00:00:00+00:00,0.5745,0.5922,0.5717,0.5772,165347.0
2024-01-15 00:00:00+00:00,0.5785,0.5881,0.5702,0.5764,118441.0
2024-01-16 00:00:00+00:00,0.5758,0.5798,0.5682,0.5763,126920.0
2024-01-17 00:00:00+00:00,0.5759,0.5906,0.5623,0.5682,394651.0
2024-01-18 00:00:00+00:00,0.569,0.5701,0.5467,0.5524,380813.0
2024-01-19 00:00:00+00:00,0.5525,0.5525,0.5237,0.5447,444622.0
2024-01-20 00:00:00+00:00,0.5447,0.5545,0.5397,0.5528,130633.0
2024-01-21 00:00:00+00:00,0.5534,0.5547,0.5464,0.5465,85081.0
2024-01-22 00:00:00+00:00,0.5478,0.5512,0.524,0.5276,236479.0
2024-01-23 00:00:00+00:00,0.5297,0.5314,0.498,0.5178,399423.0
2024-01-24 00:00:00+00:00,0.5175,0.5196,0.5118,0.5185,246150.0
2024-01-25 00:00:00+00:00,0.5173,0.5174,0.5037,0.5137,91875.0
2024-01-26 00:00:00+00:00,0.5135,0.5352,0.509,0.532,128035.0
2024-01-27 00:00:00+00:00,0.532,0.534,0.5269,0.5298,99479.0
2024-01-28 00:00:00+00:00,0.5301,0.535,0.5213,0.5243,74712.0
2024-01-29 00:00:00+00:00,0.524,0.5389,0.5199,0.535,220305.0
2024-01-30 00:00:00+00:00,0.5346,0.5378,0.508,0.5117,317042.0
2024-01-31 00:00:00+00:00,0.511,0.5139,0.4924,0.5038,341641.0
2024-02-01 00:00:00+00:00,0.5038,0.5104,0.4907,0.5063,385392.0
2024-02-02 00:00:00+00:00,0.5062,0.5136,0.4991,0.5104,212137.0
2024-02-03 00:00:00+00:00,0.5103,0.5267,0.5062,0.5186,259734.0
2024-02-04 00:00:00+00:00,0.518,0.5189,0.5009,0.5035,91265.0
2024-02-05 00:00:00+00:00,0.5029,0.5137,0.4973,0.507,71963.0
2024-02-06 00:00:00+00:00,0.5067,0.5107,0.499,0.5054,85279.0
2024-02-07 00:00:00+00:00,0.5051,0.5149,0.4996,0.5125,475793.0
2024-02-08 00:00:00+00:00,0.5125,0.5185,0.5086,0.5142,498884.0
2024-02-09 00:00:00+00:00,0.5149,0.5278,0.5144,0.5256,354455.0
2024-02-10 00:00:00+00:00,0.5259,0.5278,0.5185,0.5239,101825.0
2024-02-11 00:00:00+00:00,0.523,0.5353,0.5218,0.5259,196861.0
2024-02-12 00:00:00+00:00,0.5259,0.5369,0.5149,0.5321,239363.0
2024-02-13 00:00:00+00:00,0.5323,0.5334,0.5142,0.5248,240776.0
2024-02-14 00:00:00+00:00,0.5239,0.5416,0.5208,0.5382,331138.0
2024-02-15 00:00:00+00:00,0.5384,0.5764,0.5372,0.5627,494005.0
2024-02-16 00:00:00+00:00,0.5624,0.5776,0.5529,0.5644,1039002.0
2024-02-17 00:00:00+00:00,0.5635,0.5643,0.5398,0.5499,225229.0
2024-02-18 00:00:00+00:00,0.5494,0.5615,0.5466,0.5569,178497.0
2024-02-19 00:00:00+00:00,0.5569,0.5673,0.5543,0.5622,306505.0
2024-02-20 00:00:00+00:00,0.562,0.5744,0.5447,0.5627,769147.0
2024-02-21 00:00:00+00:00,0.5628,0.5628,0.5331,0.5491,435634.0
2024-02-22 00:00:00+00:00,0.5491,0.5518,0.5374,0.5407,438320.0
2024-02-23 00:00:00+00:00,0.5413,0.5438,0.5256,0.5354,292188.0
2024-02-24 00:00:00+00:00,0.5337,0.5474,0.5322,0.545,218514.0
2024-02-25 00:00:00+00:00,0.5446,0.5483,0.5423,0.5423,168105.0
2024-02-26 00:00:00+00:00,0.5425,0.5518,0.5294,0.5506,333164.0
2024-02-27 00:00:00+00:00,0.5506,0.5972,0.548,0.5866,1660341.0
2024-02-28 00:00:00+00:00,0.5889,0.6068,0.5489,0.5748,1564790.0
2024-02-29 00:00:00+00:00,0.5753,0.6252,0.5685,0.586,1105061.0
2024-03-01 00:00:00+00:00,0.5891,0.6022,0.5839,0.6006,405772.0
2024-03-02 00:00:00+00:00,0.6013,0.6486,0.6006,0.644,1456985.0
2024-03-03 00:00:00+00:00,0.6425,0.6425,0.6078,0.6266,630251.0
2024-03-04 00:00:00+00:00,0.6265,0.6647,0.6172,0.6466,1605216.0
2024-03-05 00:00:00+00:00,0.6465,0.668,0.542,0.5919,1962233.0
2024-03-06 00:00:00+00:00,0.5919,0.623,0.5763,0.6121,1012896.0
2024-03-07 00:00:00+00:00,0.6123,0.6379,0.6066,0.6278,953080.0
2024-03-08 00:00:00+00:00,0.6284,0.6336,0.6027,0.621,798228.0
2024-03-09 00:00:00+00:00,0.62,0.6314,0.6164,0.6192,621240.0
2024-03-10 00:00:00+00:00,0.6198,0.6274,0.5978,0.6087,839121.0
2024-03-11 00:00:00+00:00,0.6081,0.7437,0.5893,0.7202,3355414.0
2024-03-12 00:00:00+00:00,0.7226,0.7328,0.6629,0.6895,928343.0
2024-03-13 00:00:00+00:00,0.6885,0.7021,0.669,0.6893,1098715.0
2024-03-14 00:00:00+00:00,0.6883,0.7072,0.6396,0.6697,1447744.0
2024-03-15 00:00:00+00:00,0.671,0.6755,0.5986,0.6334,1095492.0
2024-03-16 00:00:00+00:00,0.6375,0.6477,0.5933,0.6045,763845.0
2024-03-17 00:00:00+00:00,0.6058,0.6241,0.5879,0.6192,356438.0
2024-03-18 00:00:00+00:00,0.618,0.6671,0.5952,0.6454,935549.0
2024-03-19 00:00:00+00:00,0.6451,0.6465,0.572,0.5859,1179296.0
2024-03-20 00:00:00+00:00,0.587,0.6179,0.5686,0.6116,827151.0
2024-03-21 00:00:00+00:00,0.6094,0.6543,0.5978,0.6404,856139.0
2024-03-22 00:00:00+00:00,0.6404,0.6454,0.5996,0.6113,943997.0
2024-03-23 00:00:00+00:00,0.6115,0.6443,0.6033,0.6169,561308.0
2024-03-24 00:00:00+00:00,0.6171,0.635,0.614,0.6337,337958.0
2024-03-25 00:00:00+00:00,0.6329,0.6627,0.625,0.6398,967271.0
2024-03-26 00:00:00+00:00,0.6406,0.6519,0.6257,0.6322,462349.0
2024-03-27 00:00:00+00:00,0.6321,0.6341,0.6064,0.6113,704666.0
2024-03-28 00:00:00+00:00,0.6121,0.6371,0.6038,0.6247,785740.0
2024-03-29 00:00:00+00:00,0.6246,0.645,0.6091,0.6295,528053.0
2024-03-30 00:00:00+00:00,0.6295,0.6367,0.6182,0.6218,404024.0
2024-03-31 00:00:00+00:00,0.621,0.629,0.621,0.629,172079.0
2024-04-01 00:00:00+00:00,0.6288,0.6321,0.5965,0.6107,587950.0
2024-04-02 00:00:00+00:00,0.6107,0.6177,0.58,0.5865,855146.0
2024-04-03 00:00:00+00:00,0.5876,0.5926,0.568,0.5757,995954.0
2024-04-04 00:00:00+00:00,0.5754,0.6165,0.564,0.5945,1031465.0
2024-04-05 00:00:00+00:00,0.5932,0.5945,0.5689,0.587,320571.0
2024-04-06 00:00:00+00:00,0.5867,0.5967,0.5854,0.5937,213549.0
2024-04-07 00:00:00+00:00,0.5928,0.6,0.59,0.594,337635.0
2024-04-08 00:00:00+00:00,0.5935,0.6262,0.59,0.6153,759898.0
2024-04-09 00:00:00+00:00,0.6151,0.6426,0.6018,0.6141,645901.0
2024-04-10 00:00:00+00:00,0.6141,0.6194,0.5925,0.6171,497330.0
2024-04-11 00:00:00+00:00,0.6169,0.6208,0.6035,0.6089,141003.0
2024-04-12 00:00:00+00:00,0.6083,0.6154,0.5243,0.5477,1097427.0
2024-04-13 00:00:00+00:00,0.5477,0.5488,0.4298,0.4784,980165.0
2024-04-14 00:00:00+00:00,0.4774,0.5164,0.465,0.5031,561917.0
2024-04-15 00:00:00+00:00,0.5029,0.5185,0.4825,0.4979,412109.0
2024-04-16 00:00:00+00:00,0.4986,0.5014,0.4761,0.4967,442034.0
2024-04-17 00:00:00+00:00,0.4961,0.507,0.4723,0.4949,173947.0
2024-04-18 00:00:00+00:00,0.4945,0.5051,0.486,0.5022,119635.0
2024-04-19 00:00:00+00:00,0.5002,0.5093,0.4673,0.5033,334732.0
2024-04-20 00:00:00+00:00,0.5028,0.5297,0.4989,0.5286,318077.0
2024-04-21 00:00:00+00:00,0.5265,0.5362,0.5179,0.5247,183934.0
2024-04-22 00:00:00+00:00,0.5258,0.5707,0.5225,0.5561,433751.0
2024-04-23 00:00:00+00:00,0.5555,0.5573,0.5403,0.5444,436499.0
2024-04-24 00:00:00+00:00,0.5442,0.5516,0.5197,0.5275,287651.0
2024-04-25 00:00:00+00:00,0.5267,0.5323,0.5145,0.5248,199230.0
2024-04-26 00:00:00+00:00,0.5258,0.5357,0.5151,0.5266,116709.0
2024-04-27 00:00:00+00:00,0.526,0.526,0.5101,0.519,415719.0
2024-04-28 00:00:00+00:00,0.5183,0.5252,0.5094,0.51,182087.0
2024-04-29 00:00:00+00:00,0.5119,0.5173,0.4993,0.5155,207143.0
2024-04-30 00:00:00+00:00,0.5149,0.5191,0.4891,0.5008,243951.0
2024-05-01 00:00:00+00:00,0.501,0.5209,0.48,0.5179,408674.0
2024-05-02 00:00:00+00:00,0.5185,0.5241,0.5069,0.5182,93373.0
2024-05-03 00:00:00+00:00,0.519,0.5361,0.5151,0.5315,183692.0
2024-05-04 00:00:00+00:00,0.5317,0.5397,0.5276,0.5298,172911.0
2024-05-05 00:00:00+00:00,0.5297,0.5329,0.5245,0.5299,41919.0
2024-05-06 00:00:00+00:00,0.5293,0.5699,0.5255,0.5406,216950.0
2024-05-07 00:00:00+00:00,0.5397,0.5439,0.5222,0.5248,113481.0
2024-05-08 00:00:00+00:00,0.5244,0.5388,0.5156,0.518,151746.0
2024-05-09 00:00:00+00:00,0.5169,0.5236,0.5094,0.5209,142431.0
2024-05-10 00:00:00+00:00,0.5209,0.5209,0.4963,0.5025,279982.0
2024-05-11 00:00:00+00:00,0.5028,0.5074,0.5013,0.5061,104974.0
2024-05-12 00:00:00+00:00,0.5057,0.5085,0.497,0.5001,81233.0
2024-05-13 00:00:00+00:00,0.5006,0.5118,0.48,0.5052,400225.0
2024-05-14 00:00:00+00:00,0.505,0.5124,0.4981,0.4998,121121.0
2024-05-15 00:00:00+00:00,0.5004,0.5196,0.497,0.5182,482859.0
2024-05-16 00:00:00+00:00,0.5187,0.5228,0.5124,0.516,200061.0
2024-05-17 00:00:00+00:00,0.5158,0.5286,0.514,0.5239,208262.0
2024-05-18 00:00:00+00:00,0.5237,0.525,0.5182,0.5224,156930.0
2024-05-19 00:00:00+00:00,0.5222,0.524,0.5074,0.5102,215143.0
2024-05-20 00:00:00+00:00,0.51,0.5377,0.5071,0.5376,595773.0
2024-05-21 00:00:00+00:00,0.5376,0.5566,0.5322,0.5372,523945.0
2024-05-22 00:00:00+00:00,0.5372,0.539,0.5228,0.5265,303542.0
2024-05-23 00:00:00+00:00,0.5265,0.5486,0.5084,0.5282,369077.0
2024-05-24 00:00:00+00:00,0.5287,0.537,0.5172,0.5353,158815.0
2024-05-25 00:00:00+00:00,0.5362,0.5421,0.5334,0.5413,133848.0
2024-05-26 00:00:00+00:00,0.5414,0.5416,0.5264,0.5284,87978.0
2024-05-27 00:00:00+00:00,0.5282,0.5402,0.5245,0.5342,362596.0
2024-05-28 00:00:00+00:00,0.534,0.5354,0.5222,0.5282,401552.0
2024-05-29 00:00:00+00:00,0.5282,0.533,0.5211,0.5242,227637.0
2024-05-30 00:00:00+00:00,0.5238,0.528,0.513,0.5194,280068.0
2024-05-31 00:00:00+00:00,0.519,0.5255,0.513,0.5175,83597.0
2024-06-01 00:00:00+00:00,0.5184,0.5215,0.5179,0.5186,61904.0
2024-06-02 00:00:00+00:00,0.5189,0.5202,0.5092,0.5136,224750.0
2024-06-03 00:00:00+00:00,0.5153,0.523,0.5134,0.5208,149522.0
2024-06-04 00:00:00+00:00,0.5209,0.529,0.5189,0.526,343022.0
2024-06-05 00:00:00+00:00,0.526,0.5319,0.5238,0.5252,247880.0
2024-06-06 00:00:00+00:00,0.5251,0.5281,0.517,0.5213,185264.0
2024-06-07 00:00:00+00:00,0.5214,0.5283,0.4582,0.4994,440176.0
2024-06-08 00:00:00+00:00,0.4983,0.5007,0.4902,0.4933,78480.0
2024-06-09 00:00:00+00:00,0.4929,0.4994,0.4916,0.4984,80229.0
2024-06-10 00:00:00+00:00,0.4984,0.5059,0.4939,0.4973,91332.0
2024-06-11 00:00:00+00:00,0.4967,0.4967,0.4712,0.4805,253772.0
2024-06-12 00:00:00+00:00,0.4807,0.4975,0.4749,0.4918,195879.0
2024-06-13 00:00:00+00:00,0.4908,0.4912,0.476,0.4781,122028.0
2024-06-14 00:00:00+00:00,0.4777,0.4812,0.4643,0.4743,230429.0
2024-06-15 00:00:00+00:00,0.4743,0.5052,0.4743,0.4916,116195.0
2024-06-16 00:00:00+00:00,0.4906,0.4991,0.473,0.4892,272665.0
2024-06-17 00:00:00+00:00,0.4872,0.5204,0.4845,0.5058,346603.0
2024-06-18 00:00:00+00:00,0.5052,0.5091,0.4697,0.4912,375006.0
2024-06-19 00:00:00+00:00,0.4903,0.4994,0.4873,0.4923,215002.0
2024-06-20 00:00:00+00:00,0.4923,0.5018,0.4887,0.4888,255855.0
2024-06-21 00:00:00+00:00,0.489,0.4956,0.48,0.489,216704.0
2024-06-22 00:00:00+00:00,0.4887,0.4894,0.4844,0.4869,83185.0
2024-06-23 00:00:00+00:00,0.4866,0.4892,0.4756,0.4795,217933.0
2024-06-24 00:00:00+00:00,0.4794,0.4819,0.4622,0.4745,323030.0
2024-06-25 00:00:00+00:00,0.4741,0.4797,0.4733,0.4754,137499.0
2024-06-26 00:00:00+00:00,0.4754,0.4776,0.4655,0.4695,108105.0
2024-06-27 00:00:00+00:00,0.4695,0.4767,0.4662,0.4752,113094.0
2024-06-28 00:00:00+00:00,0.4752,0.4808,0.4693,0.4716,111422.0
2024-06-29 00:00:00+00:00,0.4718,0.4769,0.4718,0.4724,22253.0
2024-06-30 00:00:00+00:00,0.4724,0.478,0.4704,0.4765,29250.0
2024-07-01 00:00:00+00:00,0.4761,0.4846,0.4757,0.4771,125205.0
2024-07-02 00:00:00+00:00,0.4766,0.4885,0.4761,0.485,200676.0
2024-07-03 00:00:00+00:00,0.4856,0.4869,0.4619,0.4673,97470.0
2024-07-04 00:00:00+00:00,0.4677,0.4695,0.4318,0.4326,269713.0
2024-07-05 00:00:00+00:00,0.4318,0.4318,0.3892,0.4253,219413.0
2024-07-06 00:00:00+00:00,0.4243,0.4495,0.4239,0.449,134011.0
2024-07-07 00:00:00+00:00,0.448,0.4487,0.4186,0.4186,114295.0
2024-07-08 00:00:00+00:00,0.4183,0.4431,0.4035,0.4323,158843.0
2024-07-09 00:00:00+00:00,0.431,0.4376,0.4275,0.4356,71414.0
2024-07-10 00:00:00+00:00,0.4356,0.4422,0.4318,0.4395,65492.0
2024-07-11 00:00:00+00:00,0.4386,0.454,0.4369,0.4488,114615.0
2024-07-12 00:00:00+00:00,0.4495,0.4774,0.4451,0.4744,194922.0
2024-07-13 00:00:00+00:00,0.4752,0.5653,0.475,0.5268,1128217.0
2024-07-14 00:00:00+00:00,0.524,0.5388,0.5141,0.5202,314673.0
2024-07-15 00:00:00+00:00,0.5205,0.54,0.5205,0.5362,214601.0
2024-07-16 00:00:00+00:00,0.5362,0.5926,0.5322,0.5787,1131563.0
2024-07-17 00:00:00+00:00,0.5796,0.6372,0.5787,0.6257,807183.0
2024-07-18 00:00:00+00:00,0.6265,0.6362,0.558,0.5698,675306.0
2024-07-19 00:00:00+00:00,0.5695,0.586,0.541,0.5738,448719.0
2024-07-20 00:00:00+00:00,0.5732,0.6042,0.5714,0.5955,320653.0
2024-07-21 00:00:00+00:00,0.5938,0.6075,0.5727,0.5979,537996.0
2024-07-22 00:00:00+00:00,0.5979,0.6231,0.5849,0.6071,652966.0
2024-07-23 00:00:00+00:00,0.608,0.6163,0.5806,0.5981,299869.0
2024-07-24 00:00:00+00:00,0.5977,0.632,0.5917,0.6179,515447.0
2024-07-25 00:00:00+00:00,0.6175,0.6253,0.5858,0.6009,372720.0
2024-07-26 00:00:00+00:00,0.6009,0.6096,0.587,0.6044,236513.0
2024-07-27 00:00:00+00:00,0.6028,0.6087,0.5859,0.5959,224691.0
2024-07-28 00:00:00+00:00,0.5955,0.6135,0.5917,0.6017,123886.0
2024-07-29 00:00:00+00:00,0.6021,0.6118,0.5926,0.6012,182518.0
2024-07-30 00:00:00+00:00,0.6017,0.6369,0.596,0.6344,781492.0
2024-07-31 00:00:00+00:00,0.6345,0.658,0.6223,0.623,1173715.0
2024-08-01 00:00:00+00:00,0.6236,0.6296,0.5685,0.5972,635049.0
2024-08-02 00:00:00+00:00,0.5956,0.5964,0.55,0.5625,714967.0
2024-08-03 00:00:00+00:00,0.5618,0.5781,0.5432,0.5586,343068.0
2024-08-04 00:00:00+00:00,0.5564,0.5589,0.514,0.5231,383650.0
2024-08-05 00:00:00+00:00,0.5227,0.5232,0.4324,0.4887,931559.0
2024-08-06 00:00:00+00:00,0.4883,0.5187,0.4882,0.5049,378768.0
2024-08-07 00:00:00+00:00,0.506,0.6439,0.4928,0.5998,1978010.0
2024-08-08 00:00:00+00:00,0.601,0.6419,0.5789,0.6168,1375283.0
2024-08-09 00:00:00+00:00,0.6171,0.6229,0.5697,0.5811,615604.0
2024-08-10 00:00:00+00:00,0.5803,0.6019,0.5782,0.586,332045.0
2024-08-11 00:00:00+00:00,0.586,0.593,0.5467,0.5532,346852.0
2024-08-12 00:00:00+00:00,0.5524,0.5849,0.5505,0.5682,614611.0
2024-08-13 00:00:00+00:00,0.5681,0.583,0.5629,0.5766,409508.0
2024-08-14 00:00:00+00:00,0.5769,0.582,0.5648,0.5682,158734.0
2024-08-15 00:00:00+00:00,0.5697,0.5736,0.5513,0.5609,160030.0
2024-08-16 00:00:00+00:00,0.5604,0.57,0.5539,0.5639,123913.0
2024-08-17 00:00:00+00:00,0.5639,0.5704,0.5605,0.5657,118193.0
2024-08-18 00:00:00+00:00,0.5658,0.583,0.5638,0.564,189793.0
2024-08-19 00:00:00+00:00,0.5635,0.6079,0.5613,0.598,971285.0
2024-08-20 00:00:00+00:00,0.5984,0.6147,0.5877,0.5946,409446.0
2024-08-21 00:00:00+00:00,0.5931,0.6047,0.5853,0.6001,302005.0
2024-08-22 00:00:00+00:00,0.6002,0.6037,0.593,0.5979,109381.0
2024-08-23 00:00:00+00:00,0.5973,0.6155,0.5917,0.611,492906.0
2024-08-24 00:00:00+00:00,0.6111,0.6304,0.6049,0.6129,342177.0
2024-08-25 00:00:00+00:00,0.6124,0.613,0.5956,0.6005,82359.0
2024-08-26 00:00:00+00:00,0.6005,0.6015,0.5797,0.587,161440.0
2024-08-27 00:00:00+00:00,0.5876,0.5998,0.5549,0.5674,278708.0
2024-08-28 00:00:00+00:00,0.5663,0.5847,0.5565,0.5696,301944.0
2024-08-29 00:00:00+00:00,0.569,0.5764,0.5577,0.5621,119021.0
2024-08-30 00:00:00+00:00,0.5614,0.5677,0.5468,0.5668,138238.0
2024-08-31 00:00:00+00:00,0.5668,0.5716,0.5629,0.5661,75014.0
2024-09-01 00:00:00+00:00,0.5664,0.5666,0.5423,0.5481,91146.0
2024-09-02 00:00:00+00:00,0.5476,0.5685,0.5448,0.5672,182747.0
2024-09-03 00:00:00+00:00,0.5669,0.572,0.5569,0.5571,147140.0
2024-09-04 00:00:00+00:00,0.5568,0.5644,0.5338,0.558,147830.0
2024-09-05 00:00:00+00:00,0.558,0.559,0.5405,0.5445,89435.0
2024-09-06 00:00:00+00:00,0.5446,0.5471,0.5033,0.5209,347442.0
2024-09-07 00:00:00+00:00,0.5217,0.5326,0.5196,0.5244,102673.0
2024-09-08 00:00:00+00:00,0.5244,0.531,0.5212,0.529,245481.0
2024-09-09 00:00:00+00:00,0.5294,0.5647,0.5273,0.539,284699.0
2024-09-10 00:00:00+00:00,0.5388,0.5422,0.5327,0.5402,164397.0
2024-09-11 00:00:00+00:00,0.5405,0.5405,0.5234,0.5351,89758.0
2024-09-12 00:00:00+00:00,0.5348,0.5877,0.5336,0.5618,476630.0
2024-09-13 00:00:00+00:00,0.5611,0.5743,0.5563,0.5721,205524.0
2024-09-14 00:00:00+00:00,0.5718,0.5988,0.5697,0.5959,597829.0
2024-09-15 00:00:00+00:00,0.5959,0.5959,0.57,0.5715,175144.0
2024-09-16 00:00:00+00:00,0.57,0.5906,0.5605,0.585,245810.0
2024-09-17 00:00:00+00:00,0.5868,0.5927,0.5793,0.5845,148561.0
2024-09-18 00:00:00+00:00,0.5837,0.585,0.5627,0.5842,235203.0
2024-09-19 00:00:00+00:00,0.5837,0.5938,0.581,0.5864,315887.0
2024-09-20 00:00:00+00:00,0.587,0.5925,0.5767,0.5852,217018.0
2024-09-21 00:00:00+00:00,0.5845,0.6121,0.5801,0.5981,325624.0
2024-09-22 00:00:00+00:00,0.5977,0.6051,0.5786,0.588,191938.0
2024-09-23 00:00:00+00:00,0.5874,0.5955,0.5793,0.585,229822.0
2024-09-24 00:00:00+00:00,0.5843,0.5924,0.5815,0.5916,318665.0
2024-09-25 00:00:00+00:00,0.5914,0.5951,0.5829,0.5835,100228.0
2024-09-26 00:00:00+00:00,0.5829,0.5958,0.5736,0.5887,452192.0
2024-09-27 00:00:00+00:00,0.5888,0.5967,0.5828,0.5884,472165.0
2024-09-28 00:00:00+00:00,0.589,0.6258,0.5861,0.6139,525326.0
2024-09-29 00:00:00+00:00,0.6128,0.6638,0.6058,0.6415,634951.0
2024-09-30 00:00:00+00:00,0.6419,0.6542,0.6093,0.6118,337122.0
2024-10-01 00:00:00+00:00,0.611,0.634,0.5773,0.5972,506697.0
2024-10-02 00:00:00+00:00,0.5963,0.6064,0.5278,0.5396,1049514.0
2024-10-03 00:00:00+00:00,0.5391,0.544,0.5076,0.5218,600193.0
2024-10-04 00:00:00+00:00,0.5222,0.5385,0.5155,0.5349,265411.0
2024-10-05 00:00:00+00:00,0.5351,0.5351,0.5263,0.5293,468589.0
2024-10-06 00:00:00+00:00,0.5287,0.5371,0.5284,0.5339,97639.0
2024-10-07 00:00:00+00:00,0.5332,0.5455,0.5291,0.5291,334001.0
2024-10-08 00:00:00+00:00,0.529,0.536,0.5216,0.5309,497762.0
2024-10-09 00:00:00+00:00,0.5308,0.5345,0.5216,0.525,76639.0
2024-10-10 00:00:00+00:00,0.5249,0.5446,0.523,0.5298,564616.0
2024-10-11 00:00:00+00:00,0.53,0.5419,0.53,0.5386,121979.0
2024-10-12 00:00:00+00:00,0.5385,0.5428,0.5341,0.5393,271491.0
2024-10-13 00:00:00+00:00,0.5396,0.5396,0.5256,0.5314,146066.0
2024-10-14 00:00:00+00:00,0.5317,0.55,0.5283,0.5472,213072.0
2024-10-15 00:00:00+00:00,0.5472,0.5551,0.5322,0.5413,374617.0
2024-10-16 00:00:00+00:00,0.5413,0.553,0.5377,0.548,182213.0
2024-10-17 00:00:00+00:00,0.548,0.566,0.5422,0.5442,273029.0
2024-10-18 00:00:00+00:00,0.5444,0.5527,0.5403,0.5468,423964.0
2024-10-19 00:00:00+00:00,0.5469,0.5497,0.5401,0.5437,273435.0
2024-10-20 00:00:00+00:00,0.5438,0.5486,0.5375,0.5476,180087.0
2024-10-21 00:00:00+00:00,0.5476,0.5602,0.5414,0.5447,242173.0
2024-10-22 00:00:00+00:00,0.545,0.5497,0.5292,0.5336,382719.0
2024-10-23 00:00:00+00:00,0.534,0.534,0.5122,0.5256,337843.0
2024-10-24 00:00:00+00:00,0.5259,0.5336,0.5247,0.5319,241741.0
2024-10-25 00:00:00+00:00,0.5315,0.5316,0.49,0.5028,330942.0
2024-10-26 00:00:00+00:00,0.5026,0.515,0.4991,0.513,176189.0
2024-10-27 00:00:00+00:00,0.5132,0.5173,0.5109,0.5162,50341.0
2024-10-28 00:00:00+00:00,0.5159,0.5212,0.5116,0.5198,383572.0
2024-10-29 00:00:00+00:00,0.5189,0.5306,0.5188,0.5276,129147.0
2024-10-30 00:00:00+00:00,0.5281,0.5283,0.5199,0.5231,90757.0
2024-10-31 00:00:00+00:00,0.5237,0.5237,0.5037,0.5096,275687.0
2024-11-01 00:00:00+00:00,0.5096,0.524,0.5025,0.5135,158241.0
2024-11-02 00:00:00+00:00,0.5132,0.5159,0.5069,0.5095,52821.0
2024-11-03 00:00:00+00:00,0.5106,0.5107,0.4923,0.5035,378009.0
2024-11-04 00:00:00+00:00,0.5023,0.514,0.4967,0.5031,66257.0
2024-11-05 00:00:00+00:00,0.5026,0.5174,0.5024,0.5134,152271.0
2024-11-06 00:00:00+00:00,0.5142,0.5464,0.5136,0.5419,580210.0
2024-11-07 00:00:00+00:00,0.542,0.5775,0.5383,0.5549,676271.0
2024-11-08 00:00:00+00:00,0.5549,0.5589,0.5418,0.5542,142855.0
2024-11-09 00:00:00+00:00,0.5531,0.5612,0.5441,0.5597,208363.0
2024-11-10 00:00:00+00:00,0.5592,0.6178,0.5554,0.5894,1128183.0
2024-11-11 00:00:00+00:00,0.5893,0.6322,0.5709,0.6208,1331684.0
2024-11-12 00:00:00+00:00,0.621,0.7382,0.5974,0.7036,2490281.0
2024-11-13 00:00:00+00:00,0.7036,0.7464,0.6411,0.6916,1203833.0
2024-11-14 00:00:00+00:00,0.6879,0.8476,0.6829,0.7703,2399879.0
2024-11-15 00:00:00+00:00,0.7735,0.9268,0.76,0.8934,3142551.0
2024-11-16 00:00:00+00:00,0.8902,1.2675,0.8789,1.1195,4134445.0
2024-11-17 00:00:00+00:00,1.1232,1.159,1.004,1.0548,1732298.0
2024-11-18 00:00:00+00:00,1.0557,1.1859,1.0557,1.115,2842433.0
2024-11-19 00:00:00+00:00,1.118,1.1466,1.05,1.1011,920736.0
2024-11-20 00:00:00+00:00,1.1011,1.1491,1.05,1.1036,1073013.0
2024-11-21 00:00:00+00:00,1.1036,1.26,1.0785,1.24,2701699.0
2024-11-22 00:00:00+00:00,1.24,1.4981,1.2,1.4714,4828886.0
2024-11-23 00:00:00+00:00,1.473,1.6297,1.4246,1.4705,3088538.0
2024-11-24 00:00:00+00:00,1.4623,1.5119,1.2887,1.4352,2249577.0
2024-11-25 00:00:00+00:00,1.4345,1.5375,1.3567,1.413,1402450.0
2024-11-26 00:00:00+00:00,1.4125,1.4578,1.2823,1.398,1172651.0
2024-11-27 00:00:00+00:00,1.396,1.5198,1.3534,1.4732,973763.0
2024-11-28 00:00:00+00:00,1.4669,1.5445,1.4327,1.5436,877740.0
2024-11-29 00:00:00+00:00,1.5436,1.8157,1.5252,1.7938,2453854.0
2024-11-30 00:00:00+00:00,1.8024,1.9574,1.7662,1.9536,2473342.0
2024-12-01 00:00:00+00:00,1.9536,2.3493,1.84,2.2943,2834787.0
2024-12-02 00:00:00+00:00,2.308,2.866,2.2279,2.7255,6710225.0
2024-12-03 00:00:00+00:00,2.7275,2.9066,2.33,2.5089,4298688.0
2024-12-04 00:00:00+00:00,2.5266,2.6714,2.28,2.3542,2832977.0
2024-12-05 00:00:00+00:00,2.355,2.4651,2.16,2.2492,3584093.0
2024-12-06 00:00:00+00:00,2.2411,2.4509,2.2288,2.4192,2017788.0
2024-12-07 00:00:00+00:00,2.4192,2.62,2.387,2.6175,2173449.0
2024-12-08 00:00:00+00:00,2.6167,2.6456,2.4845,2.6062,1558933.0
2024-12-09 00:00:00+00:00,2.6002,2.6002,2.06,2.2165,2577731.0
2024-12-10 00:00:00+00:00,2.21,2.43,1.8936,2.3782,4874287.0
2024-12-11 00:00:00+00:00,2.3713,2.4672,2.23,2.3999,2092283.0
2024-12-12 00:00:00+00:00,2.4015,2.4813,2.3065,2.3373,1767899.0
2024-12-13 00:00:00+00:00,2.3359,2.4761,2.2863,2.415,812467.0
2024-12-14 00:00:00+00:00,2.4234,2.5282,2.3583,2.3959,979688.0
2024-12-15 00:00:00+00:00,2.3984,2.4648,2.3672,2.4455,1136014.0
2024-12-16 00:00:00+00:00,2.4473,2.5843,2.3421,2.4877,2241494.0
2024-12-17 00:00:00+00:00,2.487,2.7564,2.4427,2.5685,2093607.0
2024-12-18 00:00:00+00:00,2.5692,2.5914,2.2585,2.3061,2555478.0
2024-12-19 00:00:00+00:00,2.3003,2.4266,2.1656,2.2397,2362554.0
2024-12-20 00:00:00+00:00,2.2397,2.3542,1.92,2.2808,1889795.0
2024-12-21 00:00:00+00:00,2.2778,2.3828,2.1948,2.2355,929297.0
2024-12-22 00:00:00+00:00,2.2377,2.2909,2.1581,2.2011,1288625.0
2024-12-23 00:00:00+00:00,2.2002,2.2763,2.08,2.2602,844275.0
2024-12-24 00:00:00+00:00,2.2627,2.3485,2.2164,2.3231,831598.0
2024-12-25 00:00:00+00:00,2.3208,2.3302,2.2638,2.298,217380.0
2024-12-26 00:00:00+00:00,2.2993,2.314,2.1308,2.157,578230.0
2024-12-27 00:00:00+00:00,2.157,2.235,2.117,2.1447,816528.0
2024-12-28 00:00:00+00:00,2.1459,2.2049,2.1368,2.1865,489430.0
2024-12-29 00:00:00+00:00,2.1849,2.1989,2.0708,2.0955,565626.0
2024-12-30 00:00:00+00:00,2.0909,2.1527,2.0,2.058,820645.0
2024-12-31 00:00:00+00:00,2.06,2.1476,2.0138,2.0801,511303.0
